id,username,email,created_at
1,briskuplink69,briskuplink69@relay.cloud,2025-08-14 10:19:50
2,clearwindow62,clearwindow62@hackstack.io,2024-07-14 00:48:40
3,emberkernel61,emberkernel61@example.com,2024-02-04 20:01:37
4,amberlagoon11,amberlagoon11@relay.cloud,2024-02-25 18:32:22
5,navytrail40,navytrail40@hackstack.io,2024-09-22 22:11:14
6,amberquartz05,amberquartz05@example.com,2025-02-26 18:35:19
7,mellowquartz32,mellowquartz32@hackstack.io,2024-02-09 22:11:26
8,urbandelta42,urbandelta42@relay.cloud,2025-12-25 19:07:02
9,harborgarden45,harborgarden45@acme.dev,2024-10-16 12:50:46
10,proudlagoon51,proudlagoon51@example.com,2025-04-26 07:01:37
11,quietorbit83,quietorbit83@example.com,2024-03-03 20:57:02
12,mellowbeacon42,mellowbeacon42@hackstack.io,2024-06-14 23:37:16
13,dawnorbit89,dawnorbit89@example.com,2024-02-09 19:32:54
14,jadevalley51,jadevalley51@seeded.app,2024-02-21 05:21:05
15,warmtrail90,warmtrail90@hackstack.io,2025-10-12 18:25:29
16,livelygarden51,livelygarden51@acme.dev,2024-04-22 09:22:00
17,warmfield29,warmfield29@opswise.net,2025-12-08 01:09:18
18,keenjourney49,keenjourney49@acme.dev,2025-05-16 21:02:44
19,cobaltanchor90,cobaltanchor90@example.com,2026-01-17 11:00:25
20,vividcanyon13,vividcanyon13@relay.cloud,2025-09-17 12:59:20
21,ivorydelta67,ivorydelta67@seeded.app,2025-05-23 09:54:39
22,jademeadow28,jademeadow28@seeded.app,2024-10-20 11:26:00
23,ivorylagoon50,ivorylagoon50@relay.cloud,2025-09-11 16:47:51
24,youngengine54,youngengine54@relay.cloud,2025-02-06 20:41:15
25,rapidriver97,rapidriver97@opswise.net,2024-07-17 16:18:07
26,quietsignal55,quietsignal55@seeded.app,2025-12-13 08:54:07
27,vividvalley00,vividvalley00@opswise.net,2024-06-09 07:26:19
28,dawnyard79,dawnyard79@acme.dev,2024-11-04 09:28:49
29,clearkernel82,clearkernel82@hackstack.io,2024-03-13 07:21:22
30,tidyisland27,tidyisland27@relay.cloud,2025-06-22 07:13:31
31,cobaltanchor34,cobaltanchor34@relay.cloud,2025-07-03 20:16:54
32,cobaltorbit44,cobaltorbit44@example.com,2024-02-03 16:33:00
33,clearfield99,clearfield99@seeded.app,2024-02-23 02:30:24
34,jaderiver15,jaderiver15@opswise.net,2024-07-30 21:03:24
35,cobaltharvest04,cobaltharvest04@opswise.net,2025-03-17 08:09:38
36,quietwindow23,quietwindow23@hackstack.io,2025-11-05 23:09:38
37,tidydelta01,tidydelta01@seeded.app,2024-02-18 03:44:04
38,calmisland94,calmisland94@opswise.net,2024-10-11 01:16:10
39,cleargarden08,cleargarden08@example.com,2025-07-31 14:00:43
40,urbanzenith92,urbanzenith92@acme.dev,2024-07-24 16:18:25
41,urbanwindow52,urbanwindow52@relay.cloud,2025-11-12 12:35:42
42,dawnquartz70,dawnquartz70@relay.cloud,2024-02-10 20:03:58
43,silverjourney38,silverjourney38@example.com,2025-09-22 21:31:47
44,vividharvest64,vividharvest64@example.com,2025-09-21 22:21:33
45,forestsignal64,forestsignal64@relay.cloud,2024-07-24 13:34:13
46,dawnkernel28,dawnkernel28@acme.dev,2025-03-26 19:06:03
47,keenvalley95,keenvalley95@relay.cloud,2025-01-28 01:52:53
48,urbanisland25,urbanisland25@opswise.net,2025-01-11 22:13:01
49,calmengine65,calmengine65@seeded.app,2024-09-05 03:44:06
50,tidypioneer02,tidypioneer02@seeded.app,2024-10-26 18:56:01
51,navyvalley31,navyvalley31@example.com,2025-01-28 01:54:38
52,golduplink34,golduplink34@example.com,2026-01-14 12:23:20
53,amberdelta33,amberdelta33@relay.cloud,2025-04-07 08:19:33
54,rapidyard65,rapidyard65@example.com,2025-02-06 19:29:18
55,rapidorbit20,rapidorbit20@relay.cloud,2025-06-29 16:20:06
56,quietwindow34,quietwindow34@relay.cloud,2025-06-05 14:14:14
57,goldlagoon23,goldlagoon23@opswise.net,2024-08-28 10:58:27
58,goldengine54,goldengine54@opswise.net,2025-06-10 01:52:39
59,warmquartz84,warmquartz84@hackstack.io,2025-11-21 02:32:48
60,opaldelta26,opaldelta26@example.com,2024-03-27 15:29:15
61,silverorbit19,silverorbit19@opswise.net,2024-11-22 11:18:40
62,jadenetwork39,jadenetwork39@seeded.app,2025-03-30 10:22:02
63,livelyyard30,livelyyard30@acme.dev,2024-10-28 07:49:17
64,goldzenith74,goldzenith74@relay.cloud,2025-09-04 04:54:15
65,warmbeacon84,warmbeacon84@opswise.net,2025-04-27 19:57:54
66,warmkernel90,warmkernel90@relay.cloud,2025-09-29 02:26:49
67,quietcanyon48,quietcanyon48@acme.dev,2025-08-25 10:59:19
68,golduplink93,golduplink93@example.com,2025-02-10 10:54:20
69,urbancanyon43,urbancanyon43@example.com,2024-10-10 07:17:51
70,tidyvalley44,tidyvalley44@example.com,2025-12-26 20:19:20
71,warmnetwork68,warmnetwork68@opswise.net,2024-06-27 12:02:13
72,vividlagoon87,vividlagoon87@hackstack.io,2025-06-23 09:03:23
73,warmwindow25,warmwindow25@opswise.net,2024-12-06 06:36:29
74,jadedelta94,jadedelta94@example.com,2025-06-13 01:22:33
75,forestwindow14,forestwindow14@hackstack.io,2025-01-17 09:30:57
76,tidyquartz52,tidyquartz52@relay.cloud,2024-09-21 21:15:52
77,goldisland25,goldisland25@relay.cloud,2024-12-25 21:59:22
78,briskvalley00,briskvalley00@seeded.app,2025-01-24 02:54:30
79,urbanmeadow65,urbanmeadow65@acme.dev,2024-10-28 18:50:50
80,warmgarden86,warmgarden86@hackstack.io,2024-01-12 14:23:19
81,youngfield13,youngfield13@hackstack.io,2025-10-29 00:29:15
82,livelyanchor57,livelyanchor57@seeded.app,2025-11-16 12:12:22
83,ivorytrail99,ivorytrail99@opswise.net,2024-02-05 10:23:39
84,quietlagoon97,quietlagoon97@opswise.net,2025-12-06 10:15:37
85,ivoryriver09,ivoryriver09@acme.dev,2025-01-18 08:55:53
86,harborjourney11,harborjourney11@opswise.net,2025-01-06 16:24:12
87,keenyard40,keenyard40@hackstack.io,2025-01-07 19:20:16
88,warmengine45,warmengine45@example.com,2025-10-17 04:30:33
89,rapidriver07,rapidriver07@acme.dev,2025-08-29 17:03:56
90,vividengine50,vividengine50@relay.cloud,2025-11-30 16:00:18
91,younguplink03,younguplink03@example.com,2025-04-19 16:34:58
92,tidyanchor22,tidyanchor22@hackstack.io,2024-05-10 19:18:37
93,clearcanyon99,clearcanyon99@acme.dev,2024-06-24 19:10:34
94,silvertrail90,silvertrail90@example.com,2025-07-01 07:27:27
95,dawnbeacon63,dawnbeacon63@seeded.app,2025-08-09 10:17:46
96,mellowsignal27,mellowsignal27@acme.dev,2024-03-27 12:13:55
97,opaluplink86,opaluplink86@opswise.net,2025-10-05 06:01:46
98,opalwindow18,opalwindow18@opswise.net,2025-01-06 13:43:07
99,harborquartz15,harborquartz15@example.com,2025-02-03 04:07:04
100,silverengine69,silverengine69@example.com,2024-03-24 21:32:44
101,clearengine17,clearengine17@opswise.net,2024-08-03 06:58:53
102,silverlagoon86,silverlagoon86@hackstack.io,2025-11-01 05:15:27
103,harbordelta02,harbordelta02@acme.dev,2025-03-29 16:21:28
104,proudriver46,proudriver46@acme.dev,2024-09-21 17:58:45
105,keenbeacon17,keenbeacon17@relay.cloud,2024-04-12 15:56:07
106,dawngarden32,dawngarden32@seeded.app,2025-05-23 21:59:08
107,calmisland54,calmisland54@example.com,2025-04-14 10:36:42
108,youngquartz00,youngquartz00@relay.cloud,2024-06-01 02:14:01
109,vividfield24,vividfield24@relay.cloud,2024-04-02 19:56:51
110,opalharvest94,opalharvest94@acme.dev,2025-08-19 18:27:00
111,urbankernel29,urbankernel29@hackstack.io,2025-09-02 14:03:26
112,urbanuplink19,urbanuplink19@opswise.net,2024-12-24 05:08:07
113,opalgarden55,opalgarden55@acme.dev,2024-09-16 04:54:36
114,calmvalley32,calmvalley32@hackstack.io,2025-11-06 08:08:31
115,warmkernel46,warmkernel46@relay.cloud,2025-03-08 17:38:58
116,briskzenith23,briskzenith23@seeded.app,2025-08-13 22:42:34
117,calmdelta89,calmdelta89@acme.dev,2024-06-03 21:10:41
118,briskgarden76,briskgarden76@example.com,2025-06-09 08:22:49
119,briskriver91,briskriver91@relay.cloud,2024-06-11 14:05:17
120,cobaltquartz58,cobaltquartz58@relay.cloud,2024-12-19 14:53:22
121,harborsignal36,harborsignal36@example.com,2024-05-22 22:08:49
122,silverwindow50,silverwindow50@relay.cloud,2025-03-19 13:08:09
123,urbanmeadow59,urbanmeadow59@relay.cloud,2024-08-03 09:24:03
124,amberkernel81,amberkernel81@seeded.app,2025-03-05 13:55:40
125,goldkernel50,goldkernel50@relay.cloud,2025-03-13 16:21:12
126,mellowharvest88,mellowharvest88@relay.cloud,2024-07-07 18:25:35
127,jadequartz57,jadequartz57@hackstack.io,2024-07-21 13:49:43
128,silverriver41,silverriver41@seeded.app,2026-01-06 08:21:45
129,quietquartz57,quietquartz57@example.com,2026-01-04 00:53:19
130,livelysignal59,livelysignal59@opswise.net,2025-09-19 23:40:08
131,keengarden60,keengarden60@seeded.app,2024-12-01 18:40:19
132,harborbeacon18,harborbeacon18@acme.dev,2026-01-31 01:47:09
133,livelylagoon91,livelylagoon91@relay.cloud,2024-09-10 21:05:56
134,embermeadow30,embermeadow30@acme.dev,2024-08-06 16:20:39
135,ivorycanyon61,ivorycanyon61@relay.cloud,2024-11-05 20:33:29
136,goldpioneer53,goldpioneer53@hackstack.io,2025-05-17 12:04:57
137,ivoryharvest36,ivoryharvest36@example.com,2025-04-11 07:49:38
138,forestnetwork77,forestnetwork77@opswise.net,2024-11-16 19:54:45
139,cobaltcanyon04,cobaltcanyon04@example.com,2025-12-12 07:58:51
140,keenzenith75,keenzenith75@acme.dev,2024-08-26 14:18:22
141,urbanengine36,urbanengine36@example.com,2024-08-09 16:41:09
142,jadeuplink52,jadeuplink52@acme.dev,2024-11-25 18:42:17
143,rapidanchor39,rapidanchor39@seeded.app,2024-09-16 05:37:26
144,youngsignal19,youngsignal19@opswise.net,2025-10-07 13:38:17
145,warmriver39,warmriver39@opswise.net,2024-05-10 14:38:02
146,briskmeadow44,briskmeadow44@example.com,2024-04-08 13:45:35
147,calmanchor52,calmanchor52@opswise.net,2025-09-11 03:45:21
148,proudgarden53,proudgarden53@seeded.app,2025-12-27 08:16:49
149,tidywindow61,tidywindow61@opswise.net,2024-02-27 04:14:59
150,livelyanchor87,livelyanchor87@relay.cloud,2024-07-26 14:03:50
151,goldgarden81,goldgarden81@seeded.app,2024-06-17 08:18:35
152,emberkernel61,emberkernel61@relay.cloud,2025-08-24 09:27:08
153,rapidanchor25,rapidanchor25@example.com,2025-02-27 05:16:47
154,clearquartz49,clearquartz49@acme.dev,2025-03-18 22:27:41
155,quiettrail84,quiettrail84@opswise.net,2024-02-02 00:27:11
156,keentrail80,keentrail80@seeded.app,2024-08-08 16:32:29
157,jadeuplink36,jadeuplink36@acme.dev,2024-06-16 12:02:53
158,quietwindow66,quietwindow66@seeded.app,2025-05-18 00:52:20
159,keenmeadow36,keenmeadow36@hackstack.io,2025-09-06 06:19:42
160,urbananchor96,urbananchor96@seeded.app,2025-05-31 05:13:30
161,calmyard83,calmyard83@example.com,2024-11-06 09:46:26
162,embertrail35,embertrail35@acme.dev,2024-02-09 20:43:52
163,rapidpioneer87,rapidpioneer87@relay.cloud,2024-12-16 13:04:50
164,keenanchor00,keenanchor00@opswise.net,2024-08-03 12:39:45
165,livelytrail34,livelytrail34@hackstack.io,2024-03-21 01:52:11
166,navyjourney49,navyjourney49@example.com,2024-08-19 13:52:48
167,rapidzenith65,rapidzenith65@hackstack.io,2025-07-12 04:34:09
168,cobaltbeacon69,cobaltbeacon69@seeded.app,2024-11-04 00:32:08
169,amberfield97,amberfield97@opswise.net,2024-03-25 22:16:56
170,proudmeadow26,proudmeadow26@seeded.app,2024-09-08 12:29:02
171,keendelta84,keendelta84@seeded.app,2025-12-27 19:21:09
172,proudpioneer13,proudpioneer13@seeded.app,2026-01-05 18:56:46
173,urbanlagoon16,urbanlagoon16@hackstack.io,2025-06-04 18:08:00
174,urbanyard12,urbanyard12@example.com,2024-10-04 19:16:02
175,calmriver69,calmriver69@example.com,2024-06-07 07:32:03
176,jadeisland02,jadeisland02@example.com,2025-10-18 08:15:03
177,calmriver39,calmriver39@opswise.net,2025-04-27 06:44:59
178,jadeanchor99,jadeanchor99@acme.dev,2024-09-19 09:21:08
179,navyriver52,navyriver52@relay.cloud,2024-08-13 21:23:59
180,keenlagoon46,keenlagoon46@seeded.app,2024-04-25 06:09:51
181,keenwindow63,keenwindow63@relay.cloud,2026-01-31 15:32:12
182,urbanzenith14,urbanzenith14@opswise.net,2025-12-28 10:09:13
183,calmriver85,calmriver85@relay.cloud,2024-06-14 19:11:13
184,ivoryuplink08,ivoryuplink08@relay.cloud,2025-02-14 16:53:54
185,rapidfield20,rapidfield20@hackstack.io,2025-05-24 15:53:32
186,emberisland20,emberisland20@hackstack.io,2025-08-29 22:59:59
187,forestharvest11,forestharvest11@seeded.app,2025-06-24 17:46:58
188,urbanyard38,urbanyard38@seeded.app,2025-01-14 11:32:26
189,amberisland83,amberisland83@example.com,2024-11-16 15:05:48
190,mellowengine54,mellowengine54@example.com,2025-12-02 16:59:03
191,warmisland26,warmisland26@opswise.net,2025-05-08 10:51:32
192,keenbeacon34,keenbeacon34@seeded.app,2025-03-01 17:41:53
193,goldriver68,goldriver68@acme.dev,2025-02-13 10:01:52
194,proudorbit31,proudorbit31@example.com,2025-02-09 13:40:40
195,proudvalley74,proudvalley74@opswise.net,2024-08-22 04:46:16
196,clearisland69,clearisland69@opswise.net,2025-04-27 11:36:20
197,mellowlagoon60,mellowlagoon60@relay.cloud,2025-10-15 02:40:34
198,opalbeacon83,opalbeacon83@example.com,2024-12-16 09:17:37
199,keenanchor40,keenanchor40@seeded.app,2024-04-09 19:41:37
200,amberfield30,amberfield30@hackstack.io,2024-11-22 18:10:09
201,warmfield93,warmfield93@seeded.app,2025-01-02 04:40:37
202,proudpioneer44,proudpioneer44@relay.cloud,2024-10-12 03:16:37
203,mellowquartz32,mellowquartz32@seeded.app,2025-03-12 11:05:10
204,briskzenith74,briskzenith74@hackstack.io,2024-07-20 19:49:03
205,briskuplink62,briskuplink62@seeded.app,2025-10-14 19:23:03
206,cobaltyard31,cobaltyard31@relay.cloud,2025-05-03 06:27:06
207,harborlagoon30,harborlagoon30@seeded.app,2024-09-23 05:01:02
208,warmkernel76,warmkernel76@relay.cloud,2024-08-27 21:56:52
209,forestanchor31,forestanchor31@seeded.app,2025-01-28 15:21:29
210,keensignal69,keensignal69@relay.cloud,2024-07-07 16:03:05
211,silverjourney52,silverjourney52@seeded.app,2024-07-24 10:26:27
212,calmanchor46,calmanchor46@seeded.app,2025-09-11 17:36:17
213,melloworbit21,melloworbit21@opswise.net,2025-08-18 21:04:19
214,dawnpioneer57,dawnpioneer57@acme.dev,2025-03-18 06:42:29
215,ivorynetwork76,ivorynetwork76@example.com,2025-10-19 22:08:36
216,dawnsignal91,dawnsignal91@example.com,2025-09-26 09:09:42
217,navyorbit39,navyorbit39@seeded.app,2025-02-18 15:50:42
218,goldfield82,goldfield82@example.com,2024-12-27 22:18:30
219,briskkernel78,briskkernel78@acme.dev,2024-11-01 11:39:10
220,harborsignal62,harborsignal62@relay.cloud,2024-12-16 10:44:06
221,proudlagoon30,proudlagoon30@hackstack.io,2024-05-02 07:27:59
222,cobaltorbit98,cobaltorbit98@seeded.app,2025-05-17 08:52:55
223,cobaltriver03,cobaltriver03@example.com,2025-08-07 18:03:24
224,emberwindow34,emberwindow34@opswise.net,2025-10-11 22:31:14
225,jadevalley70,jadevalley70@hackstack.io,2025-03-02 17:08:32
226,youngisland60,youngisland60@opswise.net,2024-05-16 19:33:06
227,amberkernel34,amberkernel34@opswise.net,2024-09-28 14:57:24
228,youngorbit14,youngorbit14@relay.cloud,2024-10-09 06:27:34
229,amberpioneer74,amberpioneer74@acme.dev,2025-09-18 21:22:34
230,keenriver71,keenriver71@opswise.net,2025-06-04 20:43:55
231,harborquartz34,harborquartz34@example.com,2025-02-13 09:34:54
232,warmnetwork63,warmnetwork63@example.com,2025-11-14 16:51:45
233,tidyquartz23,tidyquartz23@seeded.app,2026-01-12 09:46:57
234,calmuplink41,calmuplink41@hackstack.io,2024-08-29 08:34:36
235,dawnharvest93,dawnharvest93@hackstack.io,2024-06-22 16:40:07
236,mellowzenith35,mellowzenith35@relay.cloud,2025-01-25 23:17:29
237,vividquartz52,vividquartz52@seeded.app,2025-08-10 15:02:28
238,mellowriver96,mellowriver96@opswise.net,2024-05-31 13:47:24
239,clearvalley86,clearvalley86@relay.cloud,2024-12-20 23:00:34
240,forestsignal39,forestsignal39@hackstack.io,2024-03-27 04:23:34
241,forestmeadow53,forestmeadow53@seeded.app,2024-03-01 16:36:55
242,keenisland77,keenisland77@example.com,2024-01-07 10:29:28
243,harboruplink31,harboruplink31@opswise.net,2024-07-22 01:41:49
244,briskcanyon14,briskcanyon14@example.com,2024-03-09 22:40:13
245,forestjourney40,forestjourney40@opswise.net,2025-09-05 18:53:47
246,rapidriver51,rapidriver51@seeded.app,2025-05-15 15:14:13
247,forestfield33,forestfield33@relay.cloud,2024-08-04 22:34:41
248,calmbeacon61,calmbeacon61@relay.cloud,2024-10-11 03:29:42
249,ambernetwork79,ambernetwork79@relay.cloud,2025-03-18 21:04:42
250,forestkernel80,forestkernel80@hackstack.io,2025-05-13 12:08:40
251,warmengine44,warmengine44@hackstack.io,2024-03-01 09:33:44
252,navybeacon03,navybeacon03@relay.cloud,2025-04-13 20:29:11
253,dawnisland47,dawnisland47@acme.dev,2024-12-07 21:11:12
254,warmfield32,warmfield32@acme.dev,2025-11-29 03:14:30
255,jadeuplink94,jadeuplink94@relay.cloud,2025-08-29 18:34:04
256,tidyzenith14,tidyzenith14@seeded.app,2024-12-04 23:41:05
257,harboranchor87,harboranchor87@acme.dev,2024-07-28 17:44:17
258,cobaltzenith47,cobaltzenith47@example.com,2024-02-24 03:00:40
259,calmharvest47,calmharvest47@opswise.net,2024-07-12 11:21:00
260,dawnjourney18,dawnjourney18@opswise.net,2025-12-02 19:50:03
261,ambersignal08,ambersignal08@example.com,2025-01-18 18:33:27
262,youngorbit45,youngorbit45@seeded.app,2025-01-24 14:29:26
263,emberpioneer07,emberpioneer07@hackstack.io,2024-10-15 17:52:21
264,navyyard12,navyyard12@acme.dev,2024-08-21 18:37:57
265,navytrail84,navytrail84@relay.cloud,2024-04-07 20:44:56
266,opalyard60,opalyard60@acme.dev,2025-10-21 16:21:01
267,ivoryzenith31,ivoryzenith31@hackstack.io,2024-12-23 01:50:05
268,keenmeadow41,keenmeadow41@opswise.net,2024-07-14 22:35:17
269,quietsignal70,quietsignal70@acme.dev,2024-02-02 03:04:24
270,harborharvest09,harborharvest09@opswise.net,2025-05-20 00:18:32
271,keenjourney03,keenjourney03@opswise.net,2024-03-08 03:43:58
272,warmbeacon01,warmbeacon01@relay.cloud,2025-12-27 01:06:47
273,jadegarden88,jadegarden88@relay.cloud,2025-12-05 21:01:49
274,proudzenith94,proudzenith94@opswise.net,2025-02-25 06:07:33
275,dawnfield43,dawnfield43@opswise.net,2025-01-07 23:12:41
276,youngorbit00,youngorbit00@acme.dev,2025-10-01 09:38:22
277,forestdelta90,forestdelta90@opswise.net,2024-09-16 18:17:11
278,vividwindow01,vividwindow01@opswise.net,2024-02-15 11:00:12
279,briskcanyon60,briskcanyon60@seeded.app,2026-01-21 20:20:46
280,keenbeacon12,keenbeacon12@seeded.app,2025-08-16 01:54:22
281,emberuplink91,emberuplink91@relay.cloud,2024-06-12 14:46:14
282,calmengine82,calmengine82@example.com,2025-11-08 23:49:08
283,ivorynetwork95,ivorynetwork95@relay.cloud,2025-09-14 11:07:47
284,proudjourney78,proudjourney78@seeded.app,2024-03-03 02:21:59
285,tidycanyon51,tidycanyon51@opswise.net,2025-09-10 22:09:35
286,warmfield21,warmfield21@acme.dev,2025-09-25 17:09:45
287,livelyanchor93,livelyanchor93@hackstack.io,2025-07-12 09:02:27
288,proudorbit83,proudorbit83@seeded.app,2025-04-05 08:24:14
289,jadeengine18,jadeengine18@seeded.app,2024-02-20 08:27:31
290,embertrail68,embertrail68@opswise.net,2025-06-28 13:08:39
291,tidycanyon42,tidycanyon42@relay.cloud,2025-04-15 07:27:37
292,amberisland93,amberisland93@seeded.app,2024-11-23 16:46:27
293,briskharvest60,briskharvest60@relay.cloud,2025-10-01 11:15:59
294,livelymeadow16,livelymeadow16@opswise.net,2025-10-18 00:47:25
295,silverjourney78,silverjourney78@opswise.net,2024-01-10 13:16:44
296,rapidcanyon46,rapidcanyon46@hackstack.io,2024-04-10 13:34:06
297,forestuplink95,forestuplink95@acme.dev,2025-09-16 08:33:20
298,silverwindow59,silverwindow59@seeded.app,2025-11-10 02:01:17
299,vividlagoon99,vividlagoon99@acme.dev,2025-02-11 01:59:44
300,ambergarden94,ambergarden94@hackstack.io,2024-06-03 01:48:02
301,youngriver47,youngriver47@relay.cloud,2024-08-03 13:56:31
302,goldjourney55,goldjourney55@example.com,2025-06-23 07:06:06
303,calmquartz76,calmquartz76@example.com,2025-11-05 04:04:13
304,mellowlagoon45,mellowlagoon45@seeded.app,2025-06-25 18:25:12
305,emberkernel18,emberkernel18@example.com,2025-09-09 08:40:32
306,goldcanyon58,goldcanyon58@opswise.net,2024-10-18 12:59:00
307,warmsignal66,warmsignal66@seeded.app,2025-02-12 06:10:09
308,keenquartz82,keenquartz82@seeded.app,2026-01-18 17:37:22
309,livelyquartz30,livelyquartz30@opswise.net,2024-09-25 18:28:22
310,golddelta98,golddelta98@seeded.app,2024-07-13 06:25:02
311,amberbeacon90,amberbeacon90@seeded.app,2024-10-10 09:24:12
312,vividisland95,vividisland95@opswise.net,2024-10-30 18:36:09
313,emberwindow94,emberwindow94@opswise.net,2024-10-10 06:40:05
314,quietmeadow98,quietmeadow98@example.com,2026-01-04 11:09:45
315,proudlagoon26,proudlagoon26@relay.cloud,2024-03-22 20:30:42
316,harbormeadow94,harbormeadow94@hackstack.io,2025-01-29 19:53:32
317,dawnengine16,dawnengine16@acme.dev,2024-11-04 19:16:27
318,dawnsignal99,dawnsignal99@acme.dev,2024-05-06 16:40:59
319,forestfield06,forestfield06@hackstack.io,2025-10-07 22:31:19
320,opaldelta32,opaldelta32@hackstack.io,2025-09-28 14:39:20
321,jadeisland40,jadeisland40@seeded.app,2024-10-25 13:46:30
322,dawnfield50,dawnfield50@example.com,2024-09-29 18:16:18
323,dawnmeadow10,dawnmeadow10@opswise.net,2025-02-25 20:47:55
324,rapidlagoon84,rapidlagoon84@opswise.net,2024-01-24 16:16:21
325,proudvalley85,proudvalley85@example.com,2024-07-29 19:23:31
326,opalorbit95,opalorbit95@example.com,2024-05-02 22:42:05
327,navysignal70,navysignal70@opswise.net,2024-06-16 02:58:43
328,forestuplink48,forestuplink48@opswise.net,2024-08-03 21:11:48
329,quietisland26,quietisland26@seeded.app,2024-04-15 15:27:13
330,ivoryzenith00,ivoryzenith00@relay.cloud,2024-06-02 01:26:50
331,harbornetwork78,harbornetwork78@relay.cloud,2026-01-12 19:52:23
332,goldquartz55,goldquartz55@seeded.app,2024-05-25 08:04:54
333,livelyisland16,livelyisland16@hackstack.io,2025-07-07 00:00:35
334,clearquartz01,clearquartz01@opswise.net,2024-12-04 19:39:25
335,goldriver59,goldriver59@example.com,2025-01-24 04:06:15
336,warmvalley76,warmvalley76@seeded.app,2025-11-22 00:10:56
337,ivoryriver07,ivoryriver07@example.com,2025-08-06 16:15:48
338,tidyengine42,tidyengine42@example.com,2025-06-22 10:46:55
339,goldbeacon80,goldbeacon80@hackstack.io,2025-11-17 01:20:39
340,ivoryyard20,ivoryyard20@acme.dev,2024-02-08 14:09:47
341,opalgarden15,opalgarden15@acme.dev,2024-05-10 05:10:07
342,brisksignal16,brisksignal16@relay.cloud,2024-04-17 13:34:42
343,amberkernel73,amberkernel73@relay.cloud,2026-01-12 20:40:48
344,youngcanyon34,youngcanyon34@relay.cloud,2025-01-22 10:03:43
345,calmzenith11,calmzenith11@acme.dev,2024-09-01 03:23:51
346,ambervalley66,ambervalley66@acme.dev,2025-06-30 01:20:23
347,vividsignal21,vividsignal21@opswise.net,2026-02-01 22:32:00
348,warmlagoon05,warmlagoon05@example.com,2024-02-06 03:06:59
349,tidywindow16,tidywindow16@seeded.app,2025-08-09 12:11:23
350,harbornetwork81,harbornetwork81@opswise.net,2025-03-27 16:50:38
351,goldyard02,goldyard02@acme.dev,2024-12-04 16:33:15
352,ivorysignal79,ivorysignal79@acme.dev,2025-06-24 16:30:08
353,briskuplink69,briskuplink69@example.com,2024-09-17 20:20:51
354,brisknetwork55,brisknetwork55@relay.cloud,2024-05-04 22:31:41
355,briskzenith37,briskzenith37@hackstack.io,2025-09-29 17:58:31
356,goldgarden94,goldgarden94@hackstack.io,2024-09-03 01:18:42
357,ivoryengine53,ivoryengine53@example.com,2025-06-26 03:17:32
358,rapidwindow29,rapidwindow29@opswise.net,2024-03-21 19:10:56
359,dawnvalley78,dawnvalley78@example.com,2024-01-07 01:26:07
360,opalzenith89,opalzenith89@opswise.net,2025-04-11 22:17:25
361,proudcanyon14,proudcanyon14@acme.dev,2024-03-17 09:55:12
362,calmengine18,calmengine18@example.com,2025-02-22 07:46:49
363,harborriver27,harborriver27@opswise.net,2025-09-01 22:25:44
364,calmgarden37,calmgarden37@relay.cloud,2025-05-28 16:44:24
365,youngwindow10,youngwindow10@opswise.net,2024-09-15 09:38:28
366,clearsignal45,clearsignal45@relay.cloud,2025-04-24 04:23:33
367,mellowtrail54,mellowtrail54@seeded.app,2025-06-04 05:50:53
368,urbanwindow76,urbanwindow76@example.com,2024-08-22 04:14:11
369,rapidtrail39,rapidtrail39@seeded.app,2026-01-28 05:45:12
370,silverriver66,silverriver66@seeded.app,2024-01-01 03:30:57
371,dawntrail36,dawntrail36@opswise.net,2025-09-08 17:08:46
372,brisknetwork24,brisknetwork24@seeded.app,2025-01-25 05:03:28
373,clearvalley25,clearvalley25@relay.cloud,2024-09-18 07:16:25
374,goldpioneer03,goldpioneer03@acme.dev,2025-02-15 07:04:42
375,keenquartz44,keenquartz44@hackstack.io,2025-12-30 22:29:38
376,navyvalley93,navyvalley93@relay.cloud,2024-05-10 11:06:38
377,opalwindow49,opalwindow49@relay.cloud,2024-09-19 06:03:11
378,golduplink32,golduplink32@seeded.app,2025-10-04 02:24:59
379,younggarden40,younggarden40@relay.cloud,2024-04-07 10:38:15
380,youngriver08,youngriver08@seeded.app,2025-05-31 22:17:00
381,calmbeacon17,calmbeacon17@seeded.app,2025-07-18 16:29:38
382,dawnjourney88,dawnjourney88@opswise.net,2024-05-20 17:35:06
383,clearwindow75,clearwindow75@opswise.net,2025-09-07 11:10:48
384,tidytrail66,tidytrail66@acme.dev,2024-01-29 14:51:02
385,urbanpioneer26,urbanpioneer26@example.com,2026-01-02 02:00:56
386,navydelta32,navydelta32@relay.cloud,2024-07-16 16:43:03
387,younglagoon78,younglagoon78@opswise.net,2025-12-26 12:18:44
388,vividcanyon25,vividcanyon25@relay.cloud,2024-01-05 04:27:20
389,ivorywindow66,ivorywindow66@hackstack.io,2024-05-05 08:26:48
390,silverbeacon64,silverbeacon64@opswise.net,2024-11-02 23:16:27
391,warmorbit36,warmorbit36@seeded.app,2024-11-03 07:27:05
392,navyorbit11,navyorbit11@seeded.app,2025-09-18 09:54:16
393,navyisland29,navyisland29@acme.dev,2024-07-13 15:46:22
394,navynetwork67,navynetwork67@acme.dev,2025-03-28 15:33:47
395,jademeadow25,jademeadow25@opswise.net,2024-05-15 18:08:08
396,tidyvalley66,tidyvalley66@opswise.net,2025-03-21 06:40:43
397,mellownetwork55,mellownetwork55@example.com,2025-09-30 20:40:20
398,calmuplink16,calmuplink16@acme.dev,2024-03-16 01:21:37
399,keenriver37,keenriver37@opswise.net,2025-10-12 08:18:35
400,keenyard33,keenyard33@relay.cloud,2025-04-20 01:03:39
